entity_id,event_id,year,month,month_num,event_order,entity_order,entity_name,entity_type,entity_classification_reason,inferred_creator,inferred_modality,event_text,is_special,source
AIT-2022-02-001-E01,AIT-2022-02-001,2022,February,2,1,1,Midjourney v1,model,model-family or model-context clue,Midjourney,text-to-image,Midjourney v1,False,AI Timeline _data/timeline.yml
AIT-2022-03-001-E01,AIT-2022-03-001,2022,March,3,2,1,text-davinci-002,model,model-family or model-context clue,OpenAI,language,OpenAI releases text-davinci-002 and code-davinci-002 with an API approach.,False,AI Timeline _data/timeline.yml
AIT-2022-03-001-E02,AIT-2022-03-001,2022,March,3,2,2,code-davinci-002,model,model-family or model-context clue,OpenAI,language,OpenAI releases text-davinci-002 and code-davinci-002 with an API approach.,False,AI Timeline _data/timeline.yml
AIT-2022-04-001-E01,AIT-2022-04-001,2022,April,4,3,1,Midjourney v2,model,model-family or model-context clue,Midjourney,text-to-image,Midjourney v2,False,AI Timeline _data/timeline.yml
AIT-2022-04-002-E01,AIT-2022-04-002,2022,April,4,4,1,DALL-E 2,model,model-family or model-context clue,,text-to-image,DALL-E 2 is announced for gradual release.,True,AI Timeline _data/timeline.yml
AIT-2022-07-001-E01,AIT-2022-07-001,2022,July,7,5,1,Midjourney v3,model,model-family or model-context clue,Midjourney,text-to-image,Midjourney v3 is launched.,False,AI Timeline _data/timeline.yml
AIT-2022-08-001-E01,AIT-2022-08-001,2022,August,8,6,1,Stable Diffusion 1.4,model,model-family or model-context clue,,text-to-image,Stable Diffusion 1.4 is released.,False,AI Timeline _data/timeline.yml
AIT-2022-10-001-E01,AIT-2022-10-001,2022,October,10,7,1,Stable Diffusion 1.5,model,model-family or model-context clue,,text-to-image,Stable Diffusion 1.5 becomes available.,True,AI Timeline _data/timeline.yml
AIT-2022-11-002-E01,AIT-2022-11-002,2022,November,11,9,1,Midjourney v4,model,model-family or model-context clue,Midjourney,text-to-image,Midjourney v4 is released.,False,AI Timeline _data/timeline.yml
AIT-2022-11-003-E01,AIT-2022-11-003,2022,November,11,10,1,Stable Diffusion 2.0,model,model-family or model-context clue,,text-to-image,Stable Diffusion 2.0 is launched.,False,AI Timeline _data/timeline.yml
AIT-2022-12-001-E01,AIT-2022-12-001,2022,December,12,11,1,Stable Diffusion 2.1,model,model-family or model-context clue,,text-to-image,Stable Diffusion 2.1 is released.,False,AI Timeline _data/timeline.yml
AIT-2023-02-001-E01,AIT-2023-02-001,2023,February,2,12,1,LLaMA,model,model-family or model-context clue,Meta,language,Meta releases the LLaMA language model as open-source for research purposes. The model is later leaked.,True,AI Timeline _data/timeline.yml
AIT-2023-03-001-E01,AIT-2023-03-001,2023,March,3,14,1,Midjourney v5,model,model-family or model-context clue,Midjourney,text-to-image,Midjourney v5 is launched.,False,AI Timeline _data/timeline.yml
AIT-2023-03-002-E01,AIT-2023-03-002,2023,March,3,15,1,GPT-4,model,model-family or model-context clue,,language,"OpenAI's GPT-4 model is partially released, featuring multimodal image analysis and improved multi-language support.",True,AI Timeline _data/timeline.yml
AIT-2023-04-001-E01,AIT-2023-04-001,2023,April,4,17,1,Firefly,model,model-family or model-context clue,Adobe,text-to-image,Adobe releases the Firefly image creation model as a beta version to a waiting list. The model allowed a variety of capabilities including text formatting.,False,AI Timeline _data/timeline.yml
AIT-2023-05-001-E01,AIT-2023-05-001,2023,May,5,18,1,Midjourney v5.1,model,model-family or model-context clue,Midjourney,text-to-image,Midjourney v5.1 is released.,False,AI Timeline _data/timeline.yml
AIT-2023-05-002-E01,AIT-2023-05-002,2023,May,5,19,1,PaLM 2,model,model-family or model-context clue,Google,language,"Google announces an upgrade to Bard, moving it to the upgraded PaLM 2 language model. It will support 180 countries and many languages.",False,AI Timeline _data/timeline.yml
AIT-2023-06-001-E01,AIT-2023-06-001,2023,June,6,20,1,Midjourney v5.2,model,model-family or model-context clue,Midjourney,text-to-image,Midjourney v5.2 is launched.,False,AI Timeline _data/timeline.yml
AIT-2023-07-001-E01,AIT-2023-07-001,2023,July,7,21,1,Stable Diffusion XL 1.0,model,model-family or model-context clue,,text-to-image,Stable Diffusion XL 1.0 is released.,False,AI Timeline _data/timeline.yml
AIT-2023-07-002-E01,AIT-2023-07-002,2023,July,7,22,1,Claude 2,model,model-family or model-context clue,Anthropic,language,Anthropic announces a new version of their large language model - Claude 2 .,False,AI Timeline _data/timeline.yml
AIT-2023-07-003-E01,AIT-2023-07-003,2023,July,7,23,1,LLaMA 2,model,model-family or model-context clue,Meta,language,Meta releases the LLaMA 2 open source language model to the general public in a variety of sizes.,False,AI Timeline _data/timeline.yml
AIT-2023-10-001-E01,AIT-2023-10-001,2023,October,10,24,1,DALL-E 3,model,model-family or model-context clue,,text-to-image,DALL-E 3 is released.,False,AI Timeline _data/timeline.yml
AIT-2023-10-002-E01,AIT-2023-10-002,2023,October,10,25,1,Firefly 2,model,model-family or model-context clue,Adobe,text-to-image,Adobe releases Firefly 2 .,False,AI Timeline _data/timeline.yml
AIT-2023-11-001-E01,AIT-2023-11-001,2023,November,11,26,1,Stable Diffusion XL Turbo,model,model-family or model-context clue,,text-to-image,Stable Diffusion XL Turbo is released - A fast model that allows the creation of an image in one step in real-time.,False,AI Timeline _data/timeline.yml
AIT-2023-12-001-E01,AIT-2023-12-001,2023,December,12,27,1,Midjourney v6,model,model-family or model-context clue,Midjourney,text-to-image,Midjourney v6 is launched.,False,AI Timeline _data/timeline.yml
AIT-2023-12-002-E01,AIT-2023-12-002,2023,December,12,28,1,Gemini Pro,model,model-family or model-context clue,Google,language,"Google upgrades Bard in limited areas, moving it to be based on the upgraded Gemini Pro language model.",False,AI Timeline _data/timeline.yml
AIT-2024-02-001-E01,AIT-2024-02-001,2024,February,2,30,1,Stable Diffusion 3,model,model-family or model-context clue,Stability AI,text-to-image,Stability AI announces Stable Diffusion 3 (gradually released to waiting list).,False,AI Timeline _data/timeline.yml
AIT-2024-02-002-E01,AIT-2024-02-002,2024,February,2,31,1,Gemini Pro,model,model-family or model-context clue,Google,language,"Google upgrades the artificial intelligence chat in Bard, basing it on the new Gemini Pro model, in all available languages. Google replaces ""Bard"" with ""Gemini"".",False,AI Timeline _data/timeline.yml
AIT-2024-02-003-E01,AIT-2024-02-003,2024,February,2,32,1,Gemini Pro 1.5,model,model-family or model-context clue,Google,text-to-video,"Google announces the Gemini Pro 1.5 multimodal language model capable of parsing up to a million tokens, as well as parsing video and images. The model is gradually released to developers on a waiting list.",True,AI Timeline _data/timeline.yml
AIT-2024-02-004-E01,AIT-2024-02-004,2024,February,2,33,1,Sora,model,model-family or model-context clue,OpenAI,text-to-video,OpenAI announces the Sora model that produces videos up to a minute long. The model is not released to the public at this time.,True,AI Timeline _data/timeline.yml
AIT-2024-03-001-E01,AIT-2024-03-001,2024,March,3,34,1,Grok 1.5,model,model-family or model-context clue,xAI,language,X Corporation announces the upcoming release of the Grok 1.5 open source model.,False,AI Timeline _data/timeline.yml
AIT-2024-03-002-E01,AIT-2024-03-002,2024,March,3,35,1,Claude 3,model,model-family or model-context clue,Anthropic,language,"Anthropic announces Claude 3 , a new version of their large language model. The version is deployed in 3 different sizes, with the largest model performing better than GPT-4.",False,AI Timeline _data/timeline.yml
AIT-2024-03-003-E01,AIT-2024-03-003,2024,March,3,36,1,Suno v3,model,model-family or model-context clue,Suno,music,"Suno AI, which develops a model for creating music, releases Suno v3 to the general public.",False,AI Timeline _data/timeline.yml
AIT-2024-04-001-E01,AIT-2024-04-001,2024,April,4,37,1,Stable Audio 2.0,model,model-family or model-context clue,Stability AI,music,Stability AI releases a new update to the music creation model - Stable Audio 2.0 .,False,AI Timeline _data/timeline.yml
AIT-2024-04-002-E01,AIT-2024-04-002,2024,April,4,38,1,Grok-1.5V,model,model-family or model-context clue,xAI,language,"X Corporation releases an upgrade to its language model, Grok-1.5V , which integrates high-level image recognition. In the test presented by the company, the model is the best in identifying and analyzing images compared to other models.",False,AI Timeline _data/timeline.yml
AIT-2024-04-003-E01,AIT-2024-04-003,2024,April,4,39,1,Mixtral 8x22B,model,model-family or model-context clue,Mistral,language,The Mistral company releases its new model Mixtral 8x22B as open source. This is the most powerful model among the open source models and it contains 141 billion parameters but uses a method that allows more economical use.,False,AI Timeline _data/timeline.yml
AIT-2024-04-004-E01,AIT-2024-04-004,2024,April,4,40,1,LLaMA 3,model,model-family or model-context clue,Meta,language,Meta releases the LLaMA 3 model as open source in sizes 8B and 70B parameters. The large model shows better performance than Claude 3 Sonnet and Gemini Pro 1.5 in several measures. Meta is expected to later release larger models with 400 billion parameters and more.,False,AI Timeline _data/timeline.yml
AIT-2024-04-005-E01,AIT-2024-04-005,2024,April,4,41,1,Phi-3-mini,model,model-family or model-context clue,Microsoft,language,"Microsoft releases the Phi-3-mini model in open source. The model comes in a reduced version of 3.8B parameters, which allows it to run on mobile devices as well, and it presents capabilities similar to GPT-3.5.",True,AI Timeline _data/timeline.yml
AIT-2024-04-006-E01,AIT-2024-04-006,2024,April,4,42,1,Firefly 3,model,model-family or model-context clue,Adobe,text-to-image,Adobe announces its new image creation model Firefly 3 .,False,AI Timeline _data/timeline.yml
AIT-2024-04-008-E01,AIT-2024-04-008,2024,April,4,44,1,OpenELM,model,model-family or model-context clue,Apple,language,Apple releases as full open source a series of small language models under the name OpenELM . The models are available in four weights between 270 million and 3 billion parameters.,False,AI Timeline _data/timeline.yml
AIT-2024-05-001-E01,AIT-2024-05-001,2024,May,5,45,1,GPT-4o model,model,model-family or model-context clue,OpenAI,music,"OpenAI announces the GPT-4o model that presents full multimodal capabilities, including receiving and creating text, images, and audio. The model presents an impressive ability to speak with a high response speed and in natural language. The model is 2 times more efficient than the GPT-4 Turbo model, and has better capabilities for languages other than English.",True,AI Timeline _data/timeline.yml
AIT-2024-05-002-E01,AIT-2024-05-002,2024,May,5,46,1,Gemini Flash 1.5 model,model,model-family or model-context clue,Google,text-to-image,"Google announces a large number of AI features in its products. The main ones: increasing the token limit to 2 million for Gemini 1.5 to waiting list, releasing a smaller and faster Gemini Flash 1.5 model . Revealing the latest image creation model Imagen 3 , music creation model Music AI and video creation model Veo . And the announcement of the Astra model with multimodal capabilities for realtime audio and video reception.",False,AI Timeline _data/timeline.yml
AIT-2024-05-002-E02,AIT-2024-05-002,2024,May,5,46,2,Imagen 3,model,model-family or model-context clue,Google,text-to-image,"Google announces a large number of AI features in its products. The main ones: increasing the token limit to 2 million for Gemini 1.5 to waiting list, releasing a smaller and faster Gemini Flash 1.5 model . Revealing the latest image creation model Imagen 3 , music creation model Music AI and video creation model Veo . And the announcement of the Astra model with multimodal capabilities for realtime audio and video reception.",False,AI Timeline _data/timeline.yml
AIT-2024-05-002-E03,AIT-2024-05-002,2024,May,5,46,3,Music AI,model,model-family or model-context clue,Google,text-to-image,"Google announces a large number of AI features in its products. The main ones: increasing the token limit to 2 million for Gemini 1.5 to waiting list, releasing a smaller and faster Gemini Flash 1.5 model . Revealing the latest image creation model Imagen 3 , music creation model Music AI and video creation model Veo . And the announcement of the Astra model with multimodal capabilities for realtime audio and video reception.",False,AI Timeline _data/timeline.yml
AIT-2024-05-002-E04,AIT-2024-05-002,2024,May,5,46,4,Veo,model,model-family or model-context clue,Google,text-to-image,"Google announces a large number of AI features in its products. The main ones: increasing the token limit to 2 million for Gemini 1.5 to waiting list, releasing a smaller and faster Gemini Flash 1.5 model . Revealing the latest image creation model Imagen 3 , music creation model Music AI and video creation model Veo . And the announcement of the Astra model with multimodal capabilities for realtime audio and video reception.",False,AI Timeline _data/timeline.yml
AIT-2024-05-002-E05,AIT-2024-05-002,2024,May,5,46,5,Astra model,model,model-family or model-context clue,Google,text-to-image,"Google announces a large number of AI features in its products. The main ones: increasing the token limit to 2 million for Gemini 1.5 to waiting list, releasing a smaller and faster Gemini Flash 1.5 model . Revealing the latest image creation model Imagen 3 , music creation model Music AI and video creation model Veo . And the announcement of the Astra model with multimodal capabilities for realtime audio and video reception.",False,AI Timeline _data/timeline.yml
AIT-2024-05-003-E02,AIT-2024-05-003,2024,May,5,47,2,Phi-3 Small,model,model-family or model-context clue,Microsoft,language,"Microsoft announces Copilot+ for dedicated computers, which will allow a full search of the user's history through screenshots of the user's activity. The company also released as open source the SLMs that display impressive capabilities in a minimal size: Phi-3 Small , Phi-3 Medium , and Phi-3 Vision which includes image recognition capability.",False,AI Timeline _data/timeline.yml
AIT-2024-05-003-E03,AIT-2024-05-003,2024,May,5,47,3,Phi-3 Medium,model,model-family or model-context clue,Microsoft,language,"Microsoft announces Copilot+ for dedicated computers, which will allow a full search of the user's history through screenshots of the user's activity. The company also released as open source the SLMs that display impressive capabilities in a minimal size: Phi-3 Small , Phi-3 Medium , and Phi-3 Vision which includes image recognition capability.",False,AI Timeline _data/timeline.yml
AIT-2024-05-003-E04,AIT-2024-05-003,2024,May,5,47,4,Phi-3 Vision,model,model-family or model-context clue,Microsoft,language,"Microsoft announces Copilot+ for dedicated computers, which will allow a full search of the user's history through screenshots of the user's activity. The company also released as open source the SLMs that display impressive capabilities in a minimal size: Phi-3 Small , Phi-3 Medium , and Phi-3 Vision which includes image recognition capability.",False,AI Timeline _data/timeline.yml
AIT-2024-05-004-E01,AIT-2024-05-004,2024,May,5,48,1,Chameleon,model,model-family or model-context clue,Meta,language,"Meta introduces Chameleon , a new multimodal model that seamlessly renders text and images.",False,AI Timeline _data/timeline.yml
AIT-2024-05-005-E01,AIT-2024-05-005,2024,May,5,49,1,Mistral-7B-Instruct-v0.3,model,model-family or model-context clue,Mistral,language,Mistral AI releases a new open source version of its language model Mistral-7B-Instruct-v0.3 .,False,AI Timeline _data/timeline.yml
AIT-2024-05-007-E01,AIT-2024-05-007,2024,May,5,51,1,Suno v3.5,model,model-family or model-context clue,Suno,music,Suno AI releases an updated music creation model Suno v3.5 .,False,AI Timeline _data/timeline.yml
AIT-2024-05-008-E01,AIT-2024-05-008,2024,May,5,52,1,Codestral,model,model-family or model-context clue,Mistral,language,Mistral AI releases a new language model designed for coding Codestral in size 22B.,False,AI Timeline _data/timeline.yml
AIT-2024-06-001-E01,AIT-2024-06-001,2024,June,6,53,1,Stable Diffusion 3,model,model-family or model-context clue,Stability AI,text-to-image,Stability AI releases its updated image creation model Stable Diffusion 3 in a medium version in size 2B parameters.,False,AI Timeline _data/timeline.yml
AIT-2024-06-003-E01,AIT-2024-06-003,2024,June,6,55,1,DeepSeekCoderV2,model,model-family or model-context clue,DeepSeek,language,"DeepSeekAI publishes the DeepSeekCoderV2 open source language model which presents similar coding capabilities to models such as GPT-4, Claude 3 Opus and more.",False,AI Timeline _data/timeline.yml
AIT-2024-06-004-E01,AIT-2024-06-004,2024,June,6,56,1,Runway,model,model-family or model-context clue,Runway,text-to-video,"Runway introduces Gen3 Alpha , a new AI model for video generation.",False,AI Timeline _data/timeline.yml
AIT-2024-06-004-E02,AIT-2024-06-004,2024,June,6,56,2,Gen3 Alpha,model,model-family or model-context clue,Runway,text-to-video,"Runway introduces Gen3 Alpha , a new AI model for video generation.",False,AI Timeline _data/timeline.yml
AIT-2024-06-005-E01,AIT-2024-06-005,2024,June,6,57,1,Claude Sonnet 3.5,model,model-family or model-context clue,Anthropic,language,"Anthropic releases the Claude Sonnet 3.5 model, which presents better capabilities than other models with low resource usage.",True,AI Timeline _data/timeline.yml
AIT-2024-06-006-E01,AIT-2024-06-006,2024,June,6,58,1,Florence 2,model,model-family or model-context clue,Microsoft,language,Microsoft releases in open source a series of image recognition models called Florence 2 .,False,AI Timeline _data/timeline.yml
AIT-2024-06-007-E01,AIT-2024-06-007,2024,June,6,59,1,Gemma 2,model,model-family or model-context clue,Google,language,"Google announces Gemma 2 open source language models with 9B and 27B parameter sizes. Also, the company opens the context window capabilities to developers for up to 2 million tokens.",False,AI Timeline _data/timeline.yml
AIT-2024-07-001-E01,AIT-2024-07-001,2024,July,7,60,1,GPT-4o mini,model,model-family or model-context clue,OpenAI,language,OpenAI has released a miniaturized model called GPT-4o mini that presents high capabilities at a low cost,False,AI Timeline _data/timeline.yml
AIT-2024-07-002-E01,AIT-2024-07-002,2024,July,7,61,1,llama 3.1 model,model,model-family or model-context clue,Meta,language,"Meta releases as open source the llama 3.1 model in sizes 8B, 70B and 405B. The large model features the same capabilities as the best closed source models",True,AI Timeline _data/timeline.yml
AIT-2024-07-003-E01,AIT-2024-07-003,2024,July,7,62,1,Codestral Mamba,model,model-family or model-context clue,Mistral,language,"mistral ai releases three new models: Codestral Mamba , Mistral NeMo and Mathstral designed for mathematics",False,AI Timeline _data/timeline.yml
AIT-2024-07-003-E02,AIT-2024-07-003,2024,July,7,62,2,Mistral NeMo,model,model-family or model-context clue,Mistral,language,"mistral ai releases three new models: Codestral Mamba , Mistral NeMo and Mathstral designed for mathematics",False,AI Timeline _data/timeline.yml
AIT-2024-07-003-E03,AIT-2024-07-003,2024,July,7,62,3,Mathstral,model,model-family or model-context clue,Mistral,language,"mistral ai releases three new models: Codestral Mamba , Mistral NeMo and Mathstral designed for mathematics",False,AI Timeline _data/timeline.yml
AIT-2024-07-004-E01,AIT-2024-07-004,2024,July,7,63,1,AlphaProof,model,model-family or model-context clue,Google,language,"Google DeepMind has unveiled two new AI systems that won silver medals at this year's International Mathematical Olympiad (IMO), AlphaProof and AlphaGeometry 2 .",True,AI Timeline _data/timeline.yml
AIT-2024-07-004-E02,AIT-2024-07-004,2024,July,7,63,2,AlphaGeometry 2,model,model-family or model-context clue,Google,language,"Google DeepMind has unveiled two new AI systems that won silver medals at this year's International Mathematical Olympiad (IMO), AlphaProof and AlphaGeometry 2 .",True,AI Timeline _data/timeline.yml
AIT-2024-07-006-E01,AIT-2024-07-006,2024,July,7,65,1,Udio v1.5,model,model-family or model-context clue,Udio,music,"Startup Udio has released Udio v1.5 , an updated version of its music creation model",False,AI Timeline _data/timeline.yml
AIT-2024-07-007-E01,AIT-2024-07-007,2024,July,7,66,1,Mistral Large 2,model,model-family or model-context clue,Mistral,language,"Mistral AI has released a large language model Mistral Large 2 in size 123B, which presents capabilities close to the closed SOTA models.",True,AI Timeline _data/timeline.yml
AIT-2024-07-008-E01,AIT-2024-07-008,2024,July,7,67,1,Midjourney v6.1,model,model-family or model-context clue,Midjourney,text-to-image,Midjourney v6.1 is released,False,AI Timeline _data/timeline.yml
AIT-2024-07-009-E01,AIT-2024-07-009,2024,July,7,68,1,Gemma 2 2B,model,model-family or model-context clue,Google,language,Google releases the Gemma 2 2B model as open source. The model demonstrates better capabilities than much larger models.,False,AI Timeline _data/timeline.yml
AIT-2024-08-001-E01,AIT-2024-08-001,2024,August,8,69,1,Flux,model,model-family or model-context clue,Black Forest Labs,text-to-image,"""Black Forest Labs"" releases weights for an image creation model named Flux , which shows better performance than similar closedsource models.",False,AI Timeline _data/timeline.yml
AIT-2024-08-002-E01,AIT-2024-08-002,2024,August,8,70,1,GPT-4o 0806,model,model-family or model-context clue,OpenAI,language,"OpenAI released a new version of its model, GPT-4o 0806 , achieving 100% success in generating valid JSON output.",False,AI Timeline _data/timeline.yml
AIT-2024-08-003-E01,AIT-2024-08-003,2024,August,8,71,1,Imagen 3,model,model-family or model-context clue,,text-to-image,"Google's image generation model, Imagen 3 , has been released.",False,AI Timeline _data/timeline.yml
AIT-2024-08-004-E01,AIT-2024-08-004,2024,August,8,72,1,Grok 2,model,model-family or model-context clue,xAI,language,"xAI Corporation has launched the models Grok 2 and Grok 2 mini , which demonstrate performance on par with leading SOTA models in the market.",False,AI Timeline _data/timeline.yml
AIT-2024-08-004-E02,AIT-2024-08-004,2024,August,8,72,2,Grok 2 mini,model,model-family or model-context clue,xAI,language,"xAI Corporation has launched the models Grok 2 and Grok 2 mini , which demonstrate performance on par with leading SOTA models in the market.",False,AI Timeline _data/timeline.yml
AIT-2024-08-005-E01,AIT-2024-08-005,2024,August,8,73,1,Phi 3.5,model,model-family or model-context clue,Microsoft,language,"Microsoft has introduced its small language models, Phi 3.5 , in three versions, each showcasing impressive performance relative to their size.",False,AI Timeline _data/timeline.yml
AIT-2024-08-006-E01,AIT-2024-08-006,2024,August,8,74,1,Gemini 1.5 Flash8B,model,model-family or model-context clue,Google,language,"Google has introduced three new experimental AI models: Gemini 1.5 Flash8B , Gemini 1.5 Pro Enhanced, and Gemini 1.5 Flash Updated.",False,AI Timeline _data/timeline.yml
AIT-2024-08-006-E02,AIT-2024-08-006,2024,August,8,74,2,Gemini 1.5 Pro,model,model-family or model-context clue,Google,language,"Google has introduced three new experimental AI models: Gemini 1.5 Flash8B , Gemini 1.5 Pro Enhanced, and Gemini 1.5 Flash Updated.",False,AI Timeline _data/timeline.yml
AIT-2024-08-006-E03,AIT-2024-08-006,2024,August,8,74,3,Gemini 1.5 Flash,model,model-family or model-context clue,Google,language,"Google has introduced three new experimental AI models: Gemini 1.5 Flash8B , Gemini 1.5 Pro Enhanced, and Gemini 1.5 Flash Updated.",False,AI Timeline _data/timeline.yml
AIT-2024-08-007-E01,AIT-2024-08-007,2024,August,8,75,1,Ideogram 2.0,model,model-family or model-context clue,,text-to-image,"Ideogram 2.0 has been released, offering image generation capabilities that surpass those of other leading models.",False,AI Timeline _data/timeline.yml
AIT-2024-08-008-E01,AIT-2024-08-008,2024,August,8,76,1,Dream Machine 1.5,model,model-family or model-context clue,Luma,text-to-video,Luma has unveiled the Dream Machine 1.5 model for video creation.,False,AI Timeline _data/timeline.yml
AIT-2024-09-001-E01,AIT-2024-09-001,2024,September,9,77,1,Pixtral12B,model,model-family or model-context clue,Mistral,language,"The French AI company Mistral has introduced Pixtral12B , its first multimodal model capable of processing both images and text.",False,AI Timeline _data/timeline.yml
AIT-2024-09-002-E01,AIT-2024-09-002,2024,September,9,78,1,o1 preview,model,model-family or model-context clue,OpenAI,language,"OPENAI has released two nextgeneration AI models to its subscribers: o1 preview and o1 mini . These models show a significant improvement in performance, particularly in tasks requiring reasoning, including coding, mathematics, GPQA, and more.",True,AI Timeline _data/timeline.yml
AIT-2024-09-002-E02,AIT-2024-09-002,2024,September,9,78,2,o1 mini,model,model-family or model-context clue,OpenAI,language,"OPENAI has released two nextgeneration AI models to its subscribers: o1 preview and o1 mini . These models show a significant improvement in performance, particularly in tasks requiring reasoning, including coding, mathematics, GPQA, and more.",True,AI Timeline _data/timeline.yml
AIT-2024-09-003-E01,AIT-2024-09-003,2024,September,9,79,1,Qwen 2.5,model,model-family or model-context clue,Alibaba,language,"Chinese company Alibaba releases the Qwen 2.5 model in various sizes, ranging from 0.5B to 72B. The models demonstrate capabilities comparable to much larger models.",False,AI Timeline _data/timeline.yml
AIT-2024-09-004-E01,AIT-2024-09-004,2024,September,9,80,1,KLING 1.5,model,model-family or model-context clue,Kling,text-to-video,The video generation model KLING 1.5 has been released.,False,AI Timeline _data/timeline.yml
AIT-2024-09-006-E02,AIT-2024-09-006,2024,September,9,82,2,Llama 3.2,model,model-family or model-context clue,Meta,language,"Meta releases Llama 3.2 in sizes 1B, 3B, 11B and 90B, featuring image recognition capabilities for the first time.",False,AI Timeline _data/timeline.yml
AIT-2024-09-007-E02,AIT-2024-09-007,2024,September,9,83,2,Gemini Pro 1.5 002,model,model-family or model-context clue,Google,language,"Google has rolled out new model updates ready for deployment, Gemini Pro 1.5 002 and Gemini Flash 1.5 002 , showcasing significantly improved longcontext processing.",False,AI Timeline _data/timeline.yml
AIT-2024-09-007-E03,AIT-2024-09-007,2024,September,9,83,3,Gemini Flash 1.5 002,model,model-family or model-context clue,Google,language,"Google has rolled out new model updates ready for deployment, Gemini Pro 1.5 002 and Gemini Flash 1.5 002 , showcasing significantly improved longcontext processing.",False,AI Timeline _data/timeline.yml
AIT-2024-09-008-E02,AIT-2024-09-008,2024,September,9,84,2,Moshi,model,model-family or model-context clue,Kyutai,text-to-speech,"Kyutai releases two opensource versions of its voicetovoice model, Moshi .",False,AI Timeline _data/timeline.yml
AIT-2024-09-010-E01,AIT-2024-09-010,2024,September,9,86,1,Mistral Small,model,model-family or model-context clue,Mistral,language,Mistral AI launches a 22B model named Mistral Small .,False,AI Timeline _data/timeline.yml
AIT-2024-10-001-E01,AIT-2024-10-001,2024,October,10,87,1,Flux 1.1 Pro,model,model-family or model-context clue,,text-to-image,"Flux 1.1 Pro is released, showcasing advanced capabilities for image creation.",False,AI Timeline _data/timeline.yml
AIT-2024-10-002-E01,AIT-2024-10-002,2024,October,10,88,1,Movie Gen,model,model-family or model-context clue,Meta,text-to-video,"Meta unveils Movie Gen , a new AI model that generates videos, images, and audio from text input.",False,AI Timeline _data/timeline.yml
AIT-2024-10-003-E01,AIT-2024-10-003,2024,October,10,89,1,Video Model 1.5,model,model-family or model-context clue,Pika,text-to-video,"Pika introduces Video Model 1.5 along with ""Pika Effects.""",False,AI Timeline _data/timeline.yml
AIT-2024-10-004-E01,AIT-2024-10-004,2024,October,10,90,1,Firefly Video,model,model-family or model-context clue,Adobe,text-to-image,"Adobe announces its video creation model, Firefly Video .",False,AI Timeline _data/timeline.yml
AIT-2024-10-005-E01,AIT-2024-10-005,2024,October,10,91,1,Aria,model,model-family or model-context clue,Rhymes AI,language,"Startup Rhymes AI releases Aria , an opensource, multimodal model exhibiting capabilities similar to comparably sized proprietary models.",False,AI Timeline _data/timeline.yml
AIT-2024-10-006-E01,AIT-2024-10-006,2024,October,10,92,1,Meta Spirit LM,model,model-family or model-context clue,Meta,text-to-speech,Meta releases an opensource speechtospeech language model named Meta Spirit LM .,False,AI Timeline _data/timeline.yml
AIT-2024-10-007-E01,AIT-2024-10-007,2024,October,10,93,1,Ministral,model,model-family or model-context clue,Mistral,language,"Mistral AI introduces Ministral , a new model available in 3B and 8B parameter sizes.",False,AI Timeline _data/timeline.yml
AIT-2024-10-008-E01,AIT-2024-10-008,2024,October,10,94,1,Janus AI,model,model-family or model-context clue,DeepSeek,language,"Janus AI , a multimodal language model capable of recognizing and generating both text and images, is released as open source by DeepSeekAI.",False,AI Timeline _data/timeline.yml
AIT-2024-10-009-E01,AIT-2024-10-009,2024,October,10,95,1,Fluid,model,model-family or model-context clue,Google,text-to-image,"Google DeepMind and MIT unveil Fluid , a texttoimage generation model with industryleading performance at a scale of 10.5B parameters.",False,AI Timeline _data/timeline.yml
AIT-2024-10-010-E01,AIT-2024-10-010,2024,October,10,96,1,Stable Diffusion 3.5,model,model-family or model-context clue,,text-to-image,Stable Diffusion 3.5 is released in three sizes as open source.,False,AI Timeline _data/timeline.yml
AIT-2024-10-011-E01,AIT-2024-10-011,2024,October,10,97,1,Claude 3.5 Sonnet New,model,model-family or model-context clue,Anthropic,language,"Anthropic launches Claude 3.5 Sonnet New , demonstrating significant advancements in specific areas over its previous version, and announces Claude 3.5 Haiku .",False,AI Timeline _data/timeline.yml
AIT-2024-10-011-E02,AIT-2024-10-011,2024,October,10,97,2,Claude 3.5 Haiku,model,model-family or model-context clue,Anthropic,language,"Anthropic launches Claude 3.5 Sonnet New , demonstrating significant advancements in specific areas over its previous version, and announces Claude 3.5 Haiku .",False,AI Timeline _data/timeline.yml
AIT-2024-10-013-E01,AIT-2024-10-013,2024,October,10,99,1,Recraft v3,model,model-family or model-context clue,,text-to-image,"The texttoimage model Recraft v3 has been released to the public, ranking first in benchmarks compared to similar models.",False,AI Timeline _data/timeline.yml
AIT-2024-11-001-E01,AIT-2024-11-001,2024,November,11,101,1,QwQ 32B Preview,model,model-family or model-context clue,Alibaba,language,"Alibaba released its new model, QwQ 32B Preview , which integrates reasoning capabilities before responding. The model competes with, and sometimes surpasses, OpenAI's o1-preview model.",False,AI Timeline _data/timeline.yml
AIT-2024-11-002-E01,AIT-2024-11-002,2024,November,11,102,1,Qwen2.5 Coder 32B,model,model-family or model-context clue,Alibaba,language,"Alibaba opensourced the model Qwen2.5 Coder 32B , which offers comparable capabilities to leading proprietary language models in the coding domain.",False,AI Timeline _data/timeline.yml
AIT-2024-11-003-E01,AIT-2024-11-003,2024,November,11,103,1,DeepSeek-R1-Lite-Preview,model,model-family or model-context clue,DeepSeek,language,"DeepSeek unveiled its new AI model, DeepSeek-R1-Lite-Preview , which incorporates reasoning capabilities and delivers impressive performance on the AIME and MATH benchmarks, matching the level of OpenAI's o1-preview.",False,AI Timeline _data/timeline.yml
AIT-2024-11-004-E02,AIT-2024-11-004,2024,November,11,104,2,v4,model,model-family or model-context clue,Suno,music,"Suno upgraded its AIpowered music generator to v4 , introducing new features and performance improvements.",False,AI Timeline _data/timeline.yml
AIT-2024-11-005-E01,AIT-2024-11-005,2024,November,11,105,1,Pixtral Large,model,model-family or model-context clue,Mistral,language,"Mistral AI launched the Pixtral Large model, a multimodal language model excelling in image recognition and advanced performance metrics, and an update to Mistral Large, 2411.",False,AI Timeline _data/timeline.yml
AIT-2024-11-006-E01,AIT-2024-11-006,2024,November,11,106,1,gemini-exp-1114,model,model-family or model-context clue,Google,language,"Google introduced two experimental models, gemini-exp-1114 and gemini-exp-1121 , currently leading the arena chatbot with enhanced performance.",False,AI Timeline _data/timeline.yml
AIT-2024-11-006-E02,AIT-2024-11-006,2024,November,11,106,2,gemini-exp-1121,model,model-family or model-context clue,Google,language,"Google introduced two experimental models, gemini-exp-1114 and gemini-exp-1121 , currently leading the arena chatbot with enhanced performance.",False,AI Timeline _data/timeline.yml
AIT-2024-11-007-E01,AIT-2024-11-007,2024,November,11,107,1,Claude 3.5 Haiku,model,model-family or model-context clue,Anthropic,language,Anthropic launches Claude 3.5 Haiku and Visual PDF Analysis in Claude.,False,AI Timeline _data/timeline.yml
AIT-2024-12-001-E01,AIT-2024-12-001,2024,December,12,108,1,NOVA,model,model-family or model-context clue,Amazon,text-to-video,"Amazon introduced a new series of models called NOVA , designed for text, image, and video processing.",False,AI Timeline _data/timeline.yml
AIT-2024-12-002-E01,AIT-2024-12-002,2024,December,12,109,1,SORA,model,model-family or model-context clue,OpenAI,text-to-video,"OpenAI released SORA , a video generation model, along with the full version of o1 and o1 Pro for advanced subscribers. Additionally, the company launched a live video mode for GPT 4o .",True,AI Timeline _data/timeline.yml
AIT-2024-12-002-E02,AIT-2024-12-002,2024,December,12,109,2,o1,model,model-family or model-context clue,OpenAI,text-to-video,"OpenAI released SORA , a video generation model, along with the full version of o1 and o1 Pro for advanced subscribers. Additionally, the company launched a live video mode for GPT 4o .",True,AI Timeline _data/timeline.yml
AIT-2024-12-002-E03,AIT-2024-12-002,2024,December,12,109,3,o1 Pro,model,model-family or model-context clue,OpenAI,text-to-video,"OpenAI released SORA , a video generation model, along with the full version of o1 and o1 Pro for advanced subscribers. Additionally, the company launched a live video mode for GPT 4o .",True,AI Timeline _data/timeline.yml
AIT-2024-12-002-E04,AIT-2024-12-002,2024,December,12,109,4,GPT 4o,model,model-family or model-context clue,OpenAI,text-to-video,"OpenAI released SORA , a video generation model, along with the full version of o1 and o1 Pro for advanced subscribers. Additionally, the company launched a live video mode for GPT 4o .",True,AI Timeline _data/timeline.yml
AIT-2024-12-003-E01,AIT-2024-12-003,2024,December,12,110,1,Gemini-Exp-1206,model,model-family or model-context clue,Google,language,"Google unveiled the experimental model Gemini-Exp-1206 , which ranked first in the chatbot leaderboard.",False,AI Timeline _data/timeline.yml
AIT-2024-12-004-E01,AIT-2024-12-004,2024,December,12,111,1,Gemini 2.0 Flash,model,model-family or model-context clue,Google,text-to-image,"Google launched Gemini 2.0 Flash in beta. This model leads benchmarks and outperforms the previous version, Gemini Pro 1.5 . Additionally, Google introduced live speech and video mode and announced built-in image generation capabilities within the model.",True,AI Timeline _data/timeline.yml
AIT-2024-12-004-E02,AIT-2024-12-004,2024,December,12,111,2,Gemini Pro 1.5,model,model-family or model-context clue,Google,text-to-image,"Google launched Gemini 2.0 Flash in beta. This model leads benchmarks and outperforms the previous version, Gemini Pro 1.5 . Additionally, Google introduced live speech and video mode and announced built-in image generation capabilities within the model.",True,AI Timeline _data/timeline.yml
AIT-2024-12-005-E01,AIT-2024-12-005,2024,December,12,112,1,Gemini-2.0-Flash-Thinking,model,model-family or model-context clue,Google,language,"Google revealed Gemini-2.0-Flash-Thinking , a thinking model based on Gemini 2.0 Flash , which secured second place in the chatbot leaderboard.",True,AI Timeline _data/timeline.yml
AIT-2024-12-005-E02,AIT-2024-12-005,2024,December,12,112,2,Gemini 2.0 Flash,model,model-family or model-context clue,Google,language,"Google revealed Gemini-2.0-Flash-Thinking , a thinking model based on Gemini 2.0 Flash , which secured second place in the chatbot leaderboard.",True,AI Timeline _data/timeline.yml
AIT-2024-12-006-E01,AIT-2024-12-006,2024,December,12,113,1,Veo 2,model,model-family or model-context clue,Google,text-to-image,"Google introduced Veo 2 , a beta version video generation model capable of producing 4K videos up to two minutes long. The model outperformed SORA in human evaluations. Additionally, Google updated Imagen 3 , offering enhanced image quality and realism.",True,AI Timeline _data/timeline.yml
AIT-2024-12-006-E02,AIT-2024-12-006,2024,December,12,113,2,SORA,model,model-family or model-context clue,Google,text-to-image,"Google introduced Veo 2 , a beta version video generation model capable of producing 4K videos up to two minutes long. The model outperformed SORA in human evaluations. Additionally, Google updated Imagen 3 , offering enhanced image quality and realism.",True,AI Timeline _data/timeline.yml
AIT-2024-12-006-E03,AIT-2024-12-006,2024,December,12,113,3,Imagen 3,model,model-family or model-context clue,Google,text-to-image,"Google introduced Veo 2 , a beta version video generation model capable of producing 4K videos up to two minutes long. The model outperformed SORA in human evaluations. Additionally, Google updated Imagen 3 , offering enhanced image quality and realism.",True,AI Timeline _data/timeline.yml
AIT-2024-12-007-E01,AIT-2024-12-007,2024,December,12,114,1,Aurora,model,model-family or model-context clue,xAI,language,"xAI integrated Aurora , a new model for generating high-quality and realistic images.",False,AI Timeline _data/timeline.yml
AIT-2024-12-008-E01,AIT-2024-12-008,2024,December,12,115,1,Phi4,model,model-family or model-context clue,Microsoft,language,"Microsoft open-sourced the Phi4 model, sized at 14B, showcasing impressive capabilities for its size.",False,AI Timeline _data/timeline.yml
AIT-2024-12-009-E01,AIT-2024-12-009,2024,December,12,116,1,Llama 3.3 70B,model,model-family or model-context clue,Meta,language,"Meta released Llama 3.3 70B , a model offering performance comparable to Llama 3.1 405B .",False,AI Timeline _data/timeline.yml
AIT-2024-12-009-E02,AIT-2024-12-009,2024,December,12,116,2,Llama 3.1 405B,model,model-family or model-context clue,Meta,language,"Meta released Llama 3.3 70B , a model offering performance comparable to Llama 3.1 405B .",False,AI Timeline _data/timeline.yml
AIT-2024-12-010-E01,AIT-2024-12-010,2024,December,12,117,1,PaliGemma 2,model,model-family or model-context clue,Google,language,"Google launched a multi-modal open-source model called PaliGemma 2 , integrated with existing Gemma models.",False,AI Timeline _data/timeline.yml
AIT-2024-12-010-E02,AIT-2024-12-010,2024,December,12,117,2,Gemma,model,model-family or model-context clue,Google,language,"Google launched a multi-modal open-source model called PaliGemma 2 , integrated with existing Gemma models.",False,AI Timeline _data/timeline.yml
AIT-2024-12-011-E01,AIT-2024-12-011,2024,December,12,118,1,2.0,model,model-family or model-context clue,Pika,text-to-video,"Pika Labs released 2.0 , the latest version of its AI-powered video generator.",False,AI Timeline _data/timeline.yml
AIT-2024-12-012-E01,AIT-2024-12-012,2024,December,12,119,1,Apollo,model,model-family or model-context clue,Meta,text-to-video,"Meta introduced Apollo , a video generation model available in three different sizes.",False,AI Timeline _data/timeline.yml
AIT-2024-12-013-E01,AIT-2024-12-013,2024,December,12,120,1,Deepseek V3,model,model-family or model-context clue,DeepSeek,language,"Deepseek open-sourced Deepseek V3 , a model with 671B parameters that surpasses closed-source SOTA models across several benchmarks.",True,AI Timeline _data/timeline.yml
AIT-2024-12-014-E01,AIT-2024-12-014,2024,December,12,121,1,QVQ-72B-Preview,model,model-family or model-context clue,Alibaba,language,"Alibaba unveiled QVQ-72B-Preview , a cutting-edge thinking model capable of analyzing images, featuring SOTA-level performance.",True,AI Timeline _data/timeline.yml
AIT-2024-12-015-E01,AIT-2024-12-015,2024,December,12,122,1,o3,model,model-family or model-context clue,OpenAI,language,"OpenAI announced o3 , a groundbreaking AI model achieving 87.5% in the ARC-AGI benchmark, 25.2% in the Frontier Math Benchmark (compared to under 2% in previous models), and 87.7% in Ph.D.-level science questions. A cost-effective version, o3 Mini , is expected in January 2025, with performance similar to o1 , alongside improved speed and efficiency.",True,AI Timeline _data/timeline.yml
AIT-2024-12-015-E04,AIT-2024-12-015,2024,December,12,122,4,o3 Mini,model,model-family or model-context clue,OpenAI,language,"OpenAI announced o3 , a groundbreaking AI model achieving 87.5% in the ARC-AGI benchmark, 25.2% in the Frontier Math Benchmark (compared to under 2% in previous models), and 87.7% in Ph.D.-level science questions. A cost-effective version, o3 Mini , is expected in January 2025, with performance similar to o1 , alongside improved speed and efficiency.",True,AI Timeline _data/timeline.yml
AIT-2024-12-015-E05,AIT-2024-12-015,2024,December,12,122,5,o1,model,model-family or model-context clue,OpenAI,language,"OpenAI announced o3 , a groundbreaking AI model achieving 87.5% in the ARC-AGI benchmark, 25.2% in the Frontier Math Benchmark (compared to under 2% in previous models), and 87.7% in Ph.D.-level science questions. A cost-effective version, o3 Mini , is expected in January 2025, with performance similar to o1 , alongside improved speed and efficiency.",True,AI Timeline _data/timeline.yml
AIT-2024-12-016-E01,AIT-2024-12-016,2024,December,12,123,1,Kling 1.6,model,model-family or model-context clue,Kling,text-to-video,"The video generation model Kling 1.6 was released, offering significant performance enhancements.",False,AI Timeline _data/timeline.yml
AIT-2025-01-002-E01,AIT-2025-01-002,2025,January,1,125,1,Gemini Flash Thinking 0121,model,model-family or model-context clue,Google,language,"Google introduced Gemini Flash Thinking 0121 , an enhanced reasoning model that secured the top spot in the Arena Chatbots rankings.",False,AI Timeline _data/timeline.yml
AIT-2025-01-003-E01,AIT-2025-01-003,2025,January,1,126,1,R1,model,model-family or model-context clue,DeepSeek,language,"DeepSeek open-sourced the reasoning models R1 and R1-Zero , which demonstrated capabilities similar to o1 across various domains at a fraction of the cost. Additionally, smaller distilled models were released, achieving high performance relative to their size.",True,AI Timeline _data/timeline.yml
AIT-2025-01-003-E02,AIT-2025-01-003,2025,January,1,126,2,R1-Zero,model,model-family or model-context clue,DeepSeek,language,"DeepSeek open-sourced the reasoning models R1 and R1-Zero , which demonstrated capabilities similar to o1 across various domains at a fraction of the cost. Additionally, smaller distilled models were released, achieving high performance relative to their size.",True,AI Timeline _data/timeline.yml
AIT-2025-01-003-E03,AIT-2025-01-003,2025,January,1,126,3,o1,model,model-family or model-context clue,DeepSeek,language,"DeepSeek open-sourced the reasoning models R1 and R1-Zero , which demonstrated capabilities similar to o1 across various domains at a fraction of the cost. Additionally, smaller distilled models were released, achieving high performance relative to their size.",True,AI Timeline _data/timeline.yml
AIT-2025-01-004-E01,AIT-2025-01-004,2025,January,1,127,1,Titans,model,model-family or model-context clue,Google,language,"Google published a research paper on a new language model architecture called Titans , designed to enable models to retain both short- and long-term memory. This architecture significantly improves processing for extended context windows.",True,AI Timeline _data/timeline.yml
AIT-2025-01-005-E01,AIT-2025-01-005,2025,January,1,128,1,Janus Pro 7B,model,model-family or model-context clue,DeepSeek,text-to-image,"DeepSeek open-sourced a fully multimodal model, Janus Pro 7B , which supports both text and image generation.",False,AI Timeline _data/timeline.yml
AIT-2025-01-006-E01,AIT-2025-01-006,2025,January,1,129,1,Qwen2.5-Max,model,model-family or model-context clue,DeepSeek,language,"Alibaba unveiled Qwen2.5-Max , a large language model that surpasses several leading models, including DeepSeek-V3 , GPT-4o , and Claude 3.5 . Additionally, the Qwen2.5-1M series was open-sourced, capable of processing up to one million tokens, along with the Qwen2.5-VL vision model series in three different sizes.",False,AI Timeline _data/timeline.yml
AIT-2025-01-006-E02,AIT-2025-01-006,2025,January,1,129,2,DeepSeek-V3,model,model-family or model-context clue,DeepSeek,language,"Alibaba unveiled Qwen2.5-Max , a large language model that surpasses several leading models, including DeepSeek-V3 , GPT-4o , and Claude 3.5 . Additionally, the Qwen2.5-1M series was open-sourced, capable of processing up to one million tokens, along with the Qwen2.5-VL vision model series in three different sizes.",False,AI Timeline _data/timeline.yml
AIT-2025-01-006-E03,AIT-2025-01-006,2025,January,1,129,3,GPT-4o,model,model-family or model-context clue,DeepSeek,language,"Alibaba unveiled Qwen2.5-Max , a large language model that surpasses several leading models, including DeepSeek-V3 , GPT-4o , and Claude 3.5 . Additionally, the Qwen2.5-1M series was open-sourced, capable of processing up to one million tokens, along with the Qwen2.5-VL vision model series in three different sizes.",False,AI Timeline _data/timeline.yml
AIT-2025-01-006-E04,AIT-2025-01-006,2025,January,1,129,4,Claude 3.5,model,model-family or model-context clue,DeepSeek,language,"Alibaba unveiled Qwen2.5-Max , a large language model that surpasses several leading models, including DeepSeek-V3 , GPT-4o , and Claude 3.5 . Additionally, the Qwen2.5-1M series was open-sourced, capable of processing up to one million tokens, along with the Qwen2.5-VL vision model series in three different sizes.",False,AI Timeline _data/timeline.yml
AIT-2025-01-006-E05,AIT-2025-01-006,2025,January,1,129,5,Qwen2.5-1M,model,model-family or model-context clue,DeepSeek,language,"Alibaba unveiled Qwen2.5-Max , a large language model that surpasses several leading models, including DeepSeek-V3 , GPT-4o , and Claude 3.5 . Additionally, the Qwen2.5-1M series was open-sourced, capable of processing up to one million tokens, along with the Qwen2.5-VL vision model series in three different sizes.",False,AI Timeline _data/timeline.yml
AIT-2025-01-006-E06,AIT-2025-01-006,2025,January,1,129,6,Qwen2.5-VL,model,model-family or model-context clue,DeepSeek,language,"Alibaba unveiled Qwen2.5-Max , a large language model that surpasses several leading models, including DeepSeek-V3 , GPT-4o , and Claude 3.5 . Additionally, the Qwen2.5-1M series was open-sourced, capable of processing up to one million tokens, along with the Qwen2.5-VL vision model series in three different sizes.",False,AI Timeline _data/timeline.yml
AIT-2025-01-007-E01,AIT-2025-01-007,2025,January,1,130,1,o3 mini,model,model-family or model-context clue,OpenAI,language,"OpenAI made the o3 mini reasoning model available to all users, including the free tier, featuring three reasoning levels. The model matches or comes close to o1 in several benchmarks, significantly surpasses it in coding, and remains significantly faster and more cost-efficient.",True,AI Timeline _data/timeline.yml
AIT-2025-02-001-E01,AIT-2025-02-001,2025,February 2025,2,131,1,Grok 3,model,model-family or model-context clue,xAI,language,"xAI launches Grok 3 , Grok 3 Reasoning and Grok 3 mini , next-generation AI models trained with 10 times the computing power of Grok 2, significantly improving SOTA performance. They include ""Think"" and ""Big Brain"" modes for advanced reasoning, as well as DeepSearch for autonomous web searches.",True,AI Timeline _data/timeline.yml
AIT-2025-02-001-E02,AIT-2025-02-001,2025,February 2025,2,131,2,Grok 3 Reasoning,model,model-family or model-context clue,xAI,language,"xAI launches Grok 3 , Grok 3 Reasoning and Grok 3 mini , next-generation AI models trained with 10 times the computing power of Grok 2, significantly improving SOTA performance. They include ""Think"" and ""Big Brain"" modes for advanced reasoning, as well as DeepSearch for autonomous web searches.",True,AI Timeline _data/timeline.yml
AIT-2025-02-001-E03,AIT-2025-02-001,2025,February 2025,2,131,3,Grok 3 mini,model,model-family or model-context clue,xAI,language,"xAI launches Grok 3 , Grok 3 Reasoning and Grok 3 mini , next-generation AI models trained with 10 times the computing power of Grok 2, significantly improving SOTA performance. They include ""Think"" and ""Big Brain"" modes for advanced reasoning, as well as DeepSearch for autonomous web searches.",True,AI Timeline _data/timeline.yml
AIT-2025-02-002-E01,AIT-2025-02-002,2025,February 2025,2,132,1,Claude 3.7,model,model-family or model-context clue,Anthropic,language,"Anthropic introduces Claude 3.7 and Claude 3.7 Thinking , a new model with enhanced coding performance, support for ""Extended Thinking"" mode, and the ability to analyze reasoning processes.",True,AI Timeline _data/timeline.yml
AIT-2025-02-002-E02,AIT-2025-02-002,2025,February 2025,2,132,2,Claude 3.7 Thinking,model,model-family or model-context clue,Anthropic,language,"Anthropic introduces Claude 3.7 and Claude 3.7 Thinking , a new model with enhanced coding performance, support for ""Extended Thinking"" mode, and the ability to analyze reasoning processes.",True,AI Timeline _data/timeline.yml
AIT-2025-02-004-E01,AIT-2025-02-004,2025,February 2025,2,134,1,Gemini 2.0 Flash,model,model-family or model-context clue,Google,language,"Google releases Gemini 2.0 Flash , Gemini 2.0 Flash-Lite Preview , and Gemini 2.0 Pro Experimental .",False,AI Timeline _data/timeline.yml
AIT-2025-02-004-E02,AIT-2025-02-004,2025,February 2025,2,134,2,Gemini 2.0 Flash-Lite Preview,model,model-family or model-context clue,Google,language,"Google releases Gemini 2.0 Flash , Gemini 2.0 Flash-Lite Preview , and Gemini 2.0 Pro Experimental .",False,AI Timeline _data/timeline.yml
AIT-2025-02-004-E03,AIT-2025-02-004,2025,February 2025,2,134,3,Gemini 2.0 Pro Experimental,model,model-family or model-context clue,Google,language,"Google releases Gemini 2.0 Flash , Gemini 2.0 Flash-Lite Preview , and Gemini 2.0 Pro Experimental .",False,AI Timeline _data/timeline.yml
AIT-2025-02-005-E01,AIT-2025-02-005,2025,February 2025,2,135,1,QwQ-Max,model,model-family or model-context clue,Alibaba,language,"Alibaba launches QwQ-Max – a reasoning model based on Qwen2.5-Max, offering improved analytical and logical capabilities.",False,AI Timeline _data/timeline.yml
AIT-2025-02-006-E01,AIT-2025-02-006,2025,February 2025,2,136,1,Phi4-mini,model,model-family or model-context clue,Microsoft,language,"Microsoft presents Phi4-mini and Phi4 Multimodal , lightweight models (3.8B and 5.6B) with enhanced performance, including support for multimodal inputs.",False,AI Timeline _data/timeline.yml
AIT-2025-02-006-E02,AIT-2025-02-006,2025,February 2025,2,136,2,Phi4 Multimodal,model,model-family or model-context clue,Microsoft,language,"Microsoft presents Phi4-mini and Phi4 Multimodal , lightweight models (3.8B and 5.6B) with enhanced performance, including support for multimodal inputs.",False,AI Timeline _data/timeline.yml
AIT-2025-02-007-E01,AIT-2025-02-007,2025,February 2025,2,137,1,GPT-4.5,model,model-family or model-context clue,OpenAI,language,"OpenAI releases GPT-4.5 , featuring advanced pattern recognition and significantly reduced hallucinations, improving accuracy and reliability.",True,AI Timeline _data/timeline.yml
AIT-2025-03-001-E01,AIT-2025-03-001,2025,March 2025,3,138,1,Gemini 2.5 Pro,model,model-family or model-context clue,Google,language,"Google introduced Gemini 2.5 Pro , an experimental ""Thinking model"" with advanced reasoning and planning capabilities, a 1 million token context window, achieving top rankings across several key benchmarks.",True,AI Timeline _data/timeline.yml
AIT-2025-03-003-E01,AIT-2025-03-003,2025,March 2025,3,140,1,GPT-4o Image Generation,model,model-family or model-context clue,OpenAI,text-to-image,"OpenAI integrated GPT-4o Image Generation , enabling high-fidelity text-to-image creation, text rendering within images, and more.",True,AI Timeline _data/timeline.yml
AIT-2025-03-004-E01,AIT-2025-03-004,2025,March 2025,3,141,1,Gemini 2.0 Flash Experimental,model,model-family or model-context clue,Google,text-to-image,"Google expanded experimental image generation and editing within Gemini 2.0 Flash Experimental , enabling image generation and editing, including enhanced text creation capabilities.",True,AI Timeline _data/timeline.yml
AIT-2025-03-005-E01,AIT-2025-03-005,2025,March 2025,3,142,1,QwQ-32B,model,model-family or model-context clue,Alibaba,language,"Alibaba released QwQ-32B , an open-source 32B parameter reasoning model with exceptional math and coding performance, rivaling much larger models.",False,AI Timeline _data/timeline.yml
AIT-2025-03-006-E01,AIT-2025-03-006,2025,March 2025,3,143,1,Qwen2.5-VL 32B,model,model-family or model-context clue,Alibaba,language,"Alibaba released the Qwen2.5-VL 32B , open-source vision-language model with robust capabilities in visual analysis, text-in-image understanding, and visual agent tasks.",False,AI Timeline _data/timeline.yml
AIT-2025-03-007-E01,AIT-2025-03-007,2025,March 2025,3,144,1,DeepSeek-V3-0324,model,model-family or model-context clue,DeepSeek,language,"DeepSeek updated its open-source MoE model with DeepSeek-V3-0324 , featuring enhanced reasoning, coding, and math capabilities, positioning it as a top-tier base model.",False,AI Timeline _data/timeline.yml
AIT-2025-03-008-E01,AIT-2025-03-008,2025,March 2025,3,145,1,Conversational Speech Model (CSM),model,model-family or model-context clue,,text-to-speech,"Sesame AI unveiled its Conversational Speech Model (CSM) , enabling remarkably human-like, real-time voice interaction, incorporating emotional nuances, natural pauses, laughter, and contextual memory.",True,AI Timeline _data/timeline.yml
AIT-2025-04-001-E01,AIT-2025-04-001,2025,April 2025,4,146,1,Llama 4,model,model-family or model-context clue,Meta,language,Meta releases Llama 4 in three sizes with a context window of 10 million tokens and medium performance.,False,AI Timeline _data/timeline.yml
AIT-2025-04-002-E01,AIT-2025-04-002,2025,April 2025,4,147,1,Gemini 2.5 Flash,model,model-family or model-context clue,Google,language,"Google launches Gemini 2.5 Flash , with a dynamic reasoning mode that allows tuning the reasoning level or disabling it as needed.",False,AI Timeline _data/timeline.yml
AIT-2025-04-004-E01,AIT-2025-04-004,2025,April 2025,4,149,1,GPT-4.1,model,model-family or model-context clue,OpenAI,language,"OpenAI releases GPT-4.1 in three sizes, with a context window of 1 million tokens.",False,AI Timeline _data/timeline.yml
AIT-2025-04-005-E01,AIT-2025-04-005,2025,April 2025,4,150,1,o3 full,model,model-family or model-context clue,OpenAI,language,"OpenAI introduces o3 full and o4 mini , highly advanced models for reasoning, math, and coding.",False,AI Timeline _data/timeline.yml
AIT-2025-04-005-E02,AIT-2025-04-005,2025,April 2025,4,150,2,o4 mini,model,model-family or model-context clue,OpenAI,language,"OpenAI introduces o3 full and o4 mini , highly advanced models for reasoning, math, and coding.",False,AI Timeline _data/timeline.yml
AIT-2025-04-006-E01,AIT-2025-04-006,2025,April 2025,4,151,1,v7,model,model-family or model-context clue,Midjourney,text-to-image,"Midjourney launches v7 , with higher image quality and more precise control over style.",False,AI Timeline _data/timeline.yml
AIT-2025-04-007-E01,AIT-2025-04-007,2025,April 2025,4,152,1,Veo 2.0,model,model-family or model-context clue,Google,text-to-video,"A series of video model updates - Veo 2.0 (Google), Runway Gen-4 , Vidu Q1 , and Kling 2.0 – a leap forward in high-quality video generation, with improvements in response times, realism, and style.",False,AI Timeline _data/timeline.yml
AIT-2025-04-007-E02,AIT-2025-04-007,2025,April 2025,4,152,2,Runway Gen-4,model,model-family or model-context clue,Google,text-to-video,"A series of video model updates - Veo 2.0 (Google), Runway Gen-4 , Vidu Q1 , and Kling 2.0 – a leap forward in high-quality video generation, with improvements in response times, realism, and style.",False,AI Timeline _data/timeline.yml
AIT-2025-04-007-E03,AIT-2025-04-007,2025,April 2025,4,152,3,Vidu Q1,model,model-family or model-context clue,Google,text-to-video,"A series of video model updates - Veo 2.0 (Google), Runway Gen-4 , Vidu Q1 , and Kling 2.0 – a leap forward in high-quality video generation, with improvements in response times, realism, and style.",False,AI Timeline _data/timeline.yml
AIT-2025-04-007-E04,AIT-2025-04-007,2025,April 2025,4,152,4,Kling 2.0,model,model-family or model-context clue,Google,text-to-video,"A series of video model updates - Veo 2.0 (Google), Runway Gen-4 , Vidu Q1 , and Kling 2.0 – a leap forward in high-quality video generation, with improvements in response times, realism, and style.",False,AI Timeline _data/timeline.yml
AIT-2025-04-008-E01,AIT-2025-04-008,2025,April 2025,4,153,1,Qwen 3,model,model-family or model-context clue,Alibaba,language,"Alibaba releases Qwen 3 as open source, in various sizes, with very impressive capabilities for their size.",True,AI Timeline _data/timeline.yml
AIT-2025-05-001-E01,AIT-2025-05-001,2025,May 2025,5,154,1,Phi-4 reasoning,model,model-family or model-context clue,Microsoft,language,"Microsoft launches the Phi-4 reasoning series as open source, small yet high-quality models that incorporate reasoning.",False,AI Timeline _data/timeline.yml
AIT-2025-05-002-E01,AIT-2025-05-002,2025,May 2025,5,155,1,Suno 4.5,model,model-family or model-context clue,Suno,music,"Suno releases Suno 4.5 , fixing shimmer noise and improving audio decay stability in long tracks.",False,AI Timeline _data/timeline.yml
AIT-2025-05-003-E01,AIT-2025-05-003,2025,May 2025,5,156,1,Claude 4 Opus,model,model-family or model-context clue,Anthropic,language,"Anthropic releases Claude 4 Opus and Claude Sonnet 4 : Opus 4 offers a Hybrid ""Deep Thought"" mode with enhanced long-term context and 7-hour autonomous operation; Sonnet 4 focuses on improved math and coding performance.",True,AI Timeline _data/timeline.yml
AIT-2025-05-003-E02,AIT-2025-05-003,2025,May 2025,5,156,2,Claude Sonnet 4,model,model-family or model-context clue,Anthropic,language,"Anthropic releases Claude 4 Opus and Claude Sonnet 4 : Opus 4 offers a Hybrid ""Deep Thought"" mode with enhanced long-term context and 7-hour autonomous operation; Sonnet 4 focuses on improved math and coding performance.",True,AI Timeline _data/timeline.yml
AIT-2025-05-004-E01,AIT-2025-05-004,2025,May 2025,5,157,1,Veo 3,model,model-family or model-context clue,Google,text-to-image,"Google releases Veo 3 , a video generation model for synchronized 4K video with natural audio integration, and Imagen 4 , an advanced image model with deeper contextual understanding and artistic style support.",True,AI Timeline _data/timeline.yml
AIT-2025-05-004-E02,AIT-2025-05-004,2025,May 2025,5,157,2,Imagen 4,model,model-family or model-context clue,Google,text-to-image,"Google releases Veo 3 , a video generation model for synchronized 4K video with natural audio integration, and Imagen 4 , an advanced image model with deeper contextual understanding and artistic style support.",True,AI Timeline _data/timeline.yml
AIT-2025-05-007-E01,AIT-2025-05-007,2025,May 2025,5,160,1,Gemini 2.5 Pro,model,model-family or model-context clue,Google,music,"Google releases Gemini 2.5 Pro (Deep Think Mode) and Gemini 2.5 Flash , featuring improved reasoning, native audio support, extended context, and high-frequency task handling.",False,AI Timeline _data/timeline.yml
AIT-2025-05-007-E02,AIT-2025-05-007,2025,May 2025,5,160,2,Gemini 2.5 Flash,model,model-family or model-context clue,Google,music,"Google releases Gemini 2.5 Pro (Deep Think Mode) and Gemini 2.5 Flash , featuring improved reasoning, native audio support, extended context, and high-frequency task handling.",False,AI Timeline _data/timeline.yml
AIT-2025-05-008-E02,AIT-2025-05-008,2025,May 2025,5,161,2,o3,model,model-family or model-context clue,OpenAI,language,"OpenAI updates Operator to use the o3 model, achieving SOTA on OSWorld benchmarks and enhancing autonomous browser capabilities.",False,AI Timeline _data/timeline.yml
AIT-2025-05-009-E01,AIT-2025-05-009,2025,May 2025,5,162,1,R1-0528,model,model-family or model-context clue,DeepSeek,language,"DeepSeek open-sources R1-0528 , a code-and-inference model with near–o4-mini performance and moderate computational needs.",False,AI Timeline _data/timeline.yml
AIT-2025-05-011-E01,AIT-2025-05-011,2025,May 2025,5,164,1,Gemini Diffusion,model,model-family or model-context clue,Google,language,"Google releases Gemini Diffusion , an experimental text diffusion model achieving high-speed text generation with enhanced control and creativity via noise refinement.",True,AI Timeline _data/timeline.yml
AIT-2025-05-012-E01,AIT-2025-05-012,2025,May 2025,5,165,1,Gemma 3n,model,model-family or model-context clue,Google,music,"Google introduces Gemma 3n , an open-source generative AI model for on-device use, with an efficient architecture and multi-modal (audio, text, visual) capabilities.",False,AI Timeline _data/timeline.yml
AIT-2025-06-001-E01,AIT-2025-06-001,2025,June 2025,6,166,1,Gemini 2.5 Pro,model,model-family or model-context clue,Google,language,"Google releases Gemini 2.5 Pro (final production-ready version), which leads benchmarks across the board.",False,AI Timeline _data/timeline.yml
AIT-2025-06-002-E01,AIT-2025-06-002,2025,June 2025,6,167,1,Eleven v3 (alpha),model,model-family or model-context clue,,text-to-speech,ElevenLabs rolls out Eleven v3 (alpha) TTS with fine grained emotion control and support for 70+ languages.,False,AI Timeline _data/timeline.yml
AIT-2025-06-003-E01,AIT-2025-06-003,2025,June 2025,6,168,1,o3 pro,model,model-family or model-context clue,OpenAI,language,"OpenAI debuts o3 pro , an enhanced reasoning model offering extended context and real-time tool integrations.",False,AI Timeline _data/timeline.yml
AIT-2025-07-001-E01,AIT-2025-07-001,2025,July 2025,7,169,1,Grok 4,model,model-family or model-context clue,xAI,language,"xAI releases Grok 4 , achieving a new SOTA of 15.9% on ARC-AGI v2 and 25.4% on Humanity’s Last Exam.",True,AI Timeline _data/timeline.yml
AIT-2025-07-004-E01,AIT-2025-07-004,2025,July 2025,7,172,1,Gemini Deep Think,model,model-family or model-context clue,Google,language,"Google introduces Gemini Deep Think , which also earns an IMO 2025 gold by solving five of six problems with parallel reasoning.",True,AI Timeline _data/timeline.yml
AIT-2025-07-005-E01,AIT-2025-07-005,2025,July 2025,7,173,1,Qwen3-235B-A22B-Instruct-2507,model,model-family or model-context clue,Alibaba,language,"Alibaba open-sources two variants, Qwen3-235B-A22B-Instruct-2507 (instruction-tuned) and Qwen3-Coder , for general LLM use and automated code generation.",False,AI Timeline _data/timeline.yml
AIT-2025-07-005-E02,AIT-2025-07-005,2025,July 2025,7,173,2,Qwen3-Coder,model,model-family or model-context clue,Alibaba,language,"Alibaba open-sources two variants, Qwen3-235B-A22B-Instruct-2507 (instruction-tuned) and Qwen3-Coder , for general LLM use and automated code generation.",False,AI Timeline _data/timeline.yml
AIT-2025-07-006-E01,AIT-2025-07-006,2025,July 2025,7,174,1,Kimi K2,model,model-family or model-context clue,,language,"Moonshot AI debuts Kimi K2 , a Chinese LLM praised for its open-research focus and robust performance.",False,AI Timeline _data/timeline.yml
AIT-2025-07-007-E01,AIT-2025-07-007,2025,July 2025,7,175,1,GLM-4.5,model,model-family or model-context clue,,language,"Chinese startup Zhipu open-sources GLM-4.5 , a 130 B-parameter model tailored for intelligent-agent applications.",False,AI Timeline _data/timeline.yml
AIT-2025-08-001-E01,AIT-2025-08-001,2025,August 2025,8,176,1,Gemini 2.5 Deep Think,model,model-family or model-context clue,Google,language,"Google introduced Gemini 2.5 Deep Think , a special ""extended thinking"" mode for solving complex problems and exploring alternatives.",True,AI Timeline _data/timeline.yml
AIT-2025-08-002-E01,AIT-2025-08-002,2025,August 2025,8,177,1,Claude Opus 4.1,model,model-family or model-context clue,Anthropic,language,"Anthropic released Claude Opus 4.1 , an upgrade focused on improving agentic capabilities and real-world coding.",False,AI Timeline _data/timeline.yml
AIT-2025-08-003-E01,AIT-2025-08-003,2025,August 2025,8,178,1,Genie 3.0,model,model-family or model-context clue,Google,language,"Google DeepMind announced Genie 3.0 , a ""world model"" for creating interactive 3D environments from text, maintaining consistency for several minutes.",True,AI Timeline _data/timeline.yml
AIT-2025-08-004-E01,AIT-2025-08-004,2025,August 2025,8,179,1,gpt-oss-120b,model,model-family or model-context clue,OpenAI,language,"OpenAI released gpt-oss-120b and gpt-oss-20b , a family of open-source models with high reasoning capabilities, optimized to run on accessible hardware.",False,AI Timeline _data/timeline.yml
AIT-2025-08-004-E02,AIT-2025-08-004,2025,August 2025,8,179,2,gpt-oss-20b,model,model-family or model-context clue,OpenAI,language,"OpenAI released gpt-oss-120b and gpt-oss-20b , a family of open-source models with high reasoning capabilities, optimized to run on accessible hardware.",False,AI Timeline _data/timeline.yml
AIT-2025-08-005-E01,AIT-2025-08-005,2025,August 2025,8,180,1,GPT-5,model,model-family or model-context clue,OpenAI,language,"OpenAI launched GPT-5 , the company's next-generation model, with significant improvements in coding and a dynamic ""thinking"" mode to reduce hallucinations.",False,AI Timeline _data/timeline.yml
AIT-2025-08-006-E01,AIT-2025-08-006,2025,August 2025,8,181,1,DeepSeek V3.1,model,model-family or model-context clue,DeepSeek,language,"DeepSeek released DeepSeek V3.1 , a hybrid model combining fast and slow ""thinking"" modes to improve performance in agentic tasks and tool use.",False,AI Timeline _data/timeline.yml
AIT-2025-08-007-E01,AIT-2025-08-007,2025,August 2025,8,182,1,Gemini 2.5 Flash Image,model,model-family or model-context clue,Google,image-editing,"Google launched a preview of Gemini 2.5 Flash Image (showcased as *nano-banana*), an advanced model for precise image editing, merging, and maintaining character consistency.",True,AI Timeline _data/timeline.yml
AIT-2025-09-001-E01,AIT-2025-09-001,2025,September 2025,9,183,1,Seedream 4.0,model,model-family or model-context clue,,text-to-image,"ByteDance released Seedream 4.0 , a next-generation image model unifying high-quality text-to-image generation and natural-language image editing.",False,AI Timeline _data/timeline.yml
AIT-2025-09-002-E01,AIT-2025-09-002,2025,September 2025,9,184,1,Gemini 2.5 - Deep Think,model,model-family or model-context clue,,language,"An advanced Gemini variant, reported as Gemini 2.5 - Deep Think , achieved gold-medal-level performance at the ICPC World Finals programming contest.",True,AI Timeline _data/timeline.yml
AIT-2025-09-004-E01,AIT-2025-09-004,2025,September 2025,9,186,1,Suno v5,model,model-family or model-context clue,Suno,music,"Suno released Suno v5 , an upgrade in music generation with studio-grade fidelity and more natural-sounding vocals.",False,AI Timeline _data/timeline.yml
AIT-2025-09-005-E01,AIT-2025-09-005,2025,September 2025,9,187,1,Qwen-3-Max,model,model-family or model-context clue,Alibaba,language,"Alibaba unveiled Qwen-3-Max , its flagship model with over a trillion parameters, focusing on long context and agent capabilities.",False,AI Timeline _data/timeline.yml
AIT-2025-09-006-E01,AIT-2025-09-006,2025,September 2025,9,188,1,Wan 2.5,model,model-family or model-context clue,,text-to-video,"Wan 2.5 was released, a generative video model focused on multi-shot consistency and character animation.",False,AI Timeline _data/timeline.yml
AIT-2025-09-007-E01,AIT-2025-09-007,2025,September 2025,9,189,1,Claude Sonnet 4.5,model,model-family or model-context clue,Anthropic,language,"Anthropic announced Claude Sonnet 4.5 , a model optimized for coding, agent construction, and improved reasoning.",False,AI Timeline _data/timeline.yml
AIT-2025-09-008-E01,AIT-2025-09-008,2025,September 2025,9,190,1,Sora 2,model,model-family or model-context clue,OpenAI,text-to-video,"OpenAI released Sora 2 , a flagship video and audio generation model with improved physical modeling and synchronized sound.",False,AI Timeline _data/timeline.yml
AIT-2025-09-009-E01,AIT-2025-09-009,2025,September 2025,9,191,1,DeepSeek-V3.2-Exp,model,model-family or model-context clue,DeepSeek,language,DeepSeek released DeepSeek-V3.2-Exp,False,AI Timeline _data/timeline.yml
AIT-2025-10-002-E01,AIT-2025-10-002,2025,October 2025,10,194,1,Gemini model for computer control,model,model-family or model-context clue,Google,language,"Google released a Gemini model for computer control , achieving state-of-the-art (SOTA) performance in GUI automation.",False,AI Timeline _data/timeline.yml
AIT-2025-10-003-E01,AIT-2025-10-003,2025,October 2025,10,195,1,Claude 4.5 Haiku,model,model-family or model-context clue,Anthropic,language,"Anthropic released Claude 4.5 Haiku , a fast, cost-effective model for high-volume, low-latency applications.",False,AI Timeline _data/timeline.yml
AIT-2025-11-001-E01,AIT-2025-11-001,2025,November 2025,11,198,1,Kimi K2 Thinking,model,model-family or model-context clue,,language,"Moonshot AI released Kimi K2 Thinking , an open model setting new records in reasoning benchmarks.",False,AI Timeline _data/timeline.yml
AIT-2025-11-002-E01,AIT-2025-11-002,2025,November 2025,11,199,1,GPT 5.1,model,model-family or model-context clue,OpenAI,language,"OpenAI launched GPT 5.1 , featuring specialized ""Thinking"" and ""Instant"" modes with expanded context.",False,AI Timeline _data/timeline.yml
AIT-2025-11-003-E01,AIT-2025-11-003,2025,November 2025,11,200,1,Grok 4.1,model,model-family or model-context clue,xAI,language,"xAI released Grok 4.1 , combining high EQ with strong logic to top the LM Arena leaderboard.",False,AI Timeline _data/timeline.yml
AIT-2025-11-004-E01,AIT-2025-11-004,2025,November 2025,11,201,1,Gemini 3.0,model,model-family or model-context clue,Google,language,"Google debuted Gemini 3.0 , a flagship ""thinking"" model that claimed the top spot on major benchmarks.",False,AI Timeline _data/timeline.yml
AIT-2025-11-005-E01,AIT-2025-11-005,2025,November 2025,11,202,1,GPT 5.1 Codex Max,model,model-family or model-context clue,OpenAI,language,"OpenAI introduced GPT 5.1 Codex Max , an agentic model built specifically for long-term coding tasks.",False,AI Timeline _data/timeline.yml
AIT-2025-11-006-E01,AIT-2025-11-006,2025,November 2025,11,203,1,Nano Banana Pro,model,model-family or model-context clue,Google,text-to-image,"Google released Nano Banana Pro , a superior image generation and editing model based on Gemini 3.",True,AI Timeline _data/timeline.yml
AIT-2025-11-007-E01,AIT-2025-11-007,2025,November 2025,11,204,1,Claude Opus 4.5,model,model-family or model-context clue,Anthropic,language,"Anthropic announced Claude Opus 4.5 , delivering elite coding and agentic performance at a significantly reduced price.",True,AI Timeline _data/timeline.yml
AIT-2025-11-008-E01,AIT-2025-11-008,2025,November 2025,11,205,1,FLUX 2,model,model-family or model-context clue,Black Forest Labs,text-to-image,"Black Forest Labs launched FLUX 2 , a high-performance open-weight image generation model.",False,AI Timeline _data/timeline.yml
AIT-2025-11-009-E01,AIT-2025-11-009,2025,November 2025,11,206,1,DeepSeekMath-V2,model,model-family or model-context clue,DeepSeek,language,"DeepSeek released DeepSeekMath-V2 as open source, achieving gold-medal performance in math olympiads.",True,AI Timeline _data/timeline.yml
AIT-2025-11-010-E01,AIT-2025-11-010,2025,November 2025,11,207,1,Fara-7B,model,model-family or model-context clue,Microsoft,language,"Microsoft open-sourced Fara-7B , a small model optimized for browser agents and computer control.",False,AI Timeline _data/timeline.yml
AIT-2025-12-001-E01,AIT-2025-12-001,2025,December 2025,12,209,1,Mistral 3,model,model-family or model-context clue,Mistral,language,"Mistral AI launches the Mistral 3 family (Large & Ministral) alongside Mistral OCR 3 and the Devstral 2 coding series, reinforcing its open-weight leadership with advanced agentic workflows and Vibe CLI integration.",False,AI Timeline _data/timeline.yml
AIT-2025-12-001-E02,AIT-2025-12-001,2025,December 2025,12,209,2,Mistral OCR 3,model,model-family or model-context clue,Mistral,language,"Mistral AI launches the Mistral 3 family (Large & Ministral) alongside Mistral OCR 3 and the Devstral 2 coding series, reinforcing its open-weight leadership with advanced agentic workflows and Vibe CLI integration.",False,AI Timeline _data/timeline.yml
AIT-2025-12-001-E03,AIT-2025-12-001,2025,December 2025,12,209,3,Devstral 2,model,model-family or model-context clue,Mistral,language,"Mistral AI launches the Mistral 3 family (Large & Ministral) alongside Mistral OCR 3 and the Devstral 2 coding series, reinforcing its open-weight leadership with advanced agentic workflows and Vibe CLI integration.",False,AI Timeline _data/timeline.yml
AIT-2025-12-002-E01,AIT-2025-12-002,2025,December 2025,12,210,1,GPT-5.2,model,model-family or model-context clue,OpenAI,language,"OpenAI releases GPT-5.2 , featuring the autonomous Codex agent for complex engineering tasks, and GPT-Image 1.5 , which claims the #1 spot on vision benchmarks, outperforming Nano Banana Pro.",False,AI Timeline _data/timeline.yml
AIT-2025-12-002-E03,AIT-2025-12-002,2025,December 2025,12,210,3,GPT-Image 1.5,model,model-family or model-context clue,OpenAI,language,"OpenAI releases GPT-5.2 , featuring the autonomous Codex agent for complex engineering tasks, and GPT-Image 1.5 , which claims the #1 spot on vision benchmarks, outperforming Nano Banana Pro.",False,AI Timeline _data/timeline.yml
AIT-2025-12-003-E01,AIT-2025-12-003,2025,December 2025,12,211,1,Gemini 3.0 Flash,model,model-family or model-context clue,Google,music,"Google introduces Gemini 3.0 Flash , setting a new standard for price-performance, and deploys Deep Research , an autonomous agent capable of multi-step synthesis, alongside Gemini 2.5 Flash Audio .",True,AI Timeline _data/timeline.yml
AIT-2025-12-003-E03,AIT-2025-12-003,2025,December 2025,12,211,3,Gemini 2.5 Flash Audio,model,model-family or model-context clue,Google,music,"Google introduces Gemini 3.0 Flash , setting a new standard for price-performance, and deploys Deep Research , an autonomous agent capable of multi-step synthesis, alongside Gemini 2.5 Flash Audio .",True,AI Timeline _data/timeline.yml
AIT-2025-12-004-E01,AIT-2025-12-004,2025,December 2025,12,212,1,Nova 2,model,model-family or model-context clue,Amazon,text-to-speech,"Amazon unveils the Nova 2 series, highlighted by Nova 2 Sonic , a native speech-to-speech model delivering ultra-low latency and natural conversation flow.",False,AI Timeline _data/timeline.yml
AIT-2025-12-004-E02,AIT-2025-12-004,2025,December 2025,12,212,2,Nova 2 Sonic,model,model-family or model-context clue,Amazon,text-to-speech,"Amazon unveils the Nova 2 series, highlighted by Nova 2 Sonic , a native speech-to-speech model delivering ultra-low latency and natural conversation flow.",False,AI Timeline _data/timeline.yml
AIT-2025-12-005-E01,AIT-2025-12-005,2025,December 2025,12,213,1,Gen-4.5,model,model-family or model-context clue,Runway,text-to-video,"Runway releases Gen-4.5 , a video generation model that rises to the top of industry leaderboards for motion consistency and prompt adherence.",False,AI Timeline _data/timeline.yml
AIT-2025-12-006-E01,AIT-2025-12-006,2025,December 2025,12,214,1,Grok Voice Agent API,model,model-family or model-context clue,xAI,text-to-speech,"xAI launches the Grok Voice Agent API , enabling native, real-time bidirectional audio streaming for developers.",False,AI Timeline _data/timeline.yml
AIT-2025-12-007-E01,AIT-2025-12-007,2025,December 2025,12,215,1,GLM-4.7,model,model-family or model-context clue,,language,"Zhipu AI releases GLM-4.7 , an open-weights model that reaches the top of global coding and reasoning leaderboards.",False,AI Timeline _data/timeline.yml
AIT-2025-12-008-E01,AIT-2025-12-008,2025,December 2025,12,216,1,Z-Image-Turbo,model,model-family or model-context clue,Alibaba,language,"Alibaba open-sources Z-Image-Turbo , a highly efficient 6B model, and releases Qwen-Image-2512 , which specializes in high-fidelity typography and complex visual compositions.",False,AI Timeline _data/timeline.yml
AIT-2025-12-008-E02,AIT-2025-12-008,2025,December 2025,12,216,2,Qwen-Image-2512,model,model-family or model-context clue,Alibaba,language,"Alibaba open-sources Z-Image-Turbo , a highly efficient 6B model, and releases Qwen-Image-2512 , which specializes in high-fidelity typography and complex visual compositions.",False,AI Timeline _data/timeline.yml
AIT-2025-12-009-E01,AIT-2025-12-009,2025,December 2025,12,217,1,MiniMax-M2.1,model,model-family or model-context clue,,language,"MiniMax releases MiniMax-M2.1 , a 200k-context MoE model that rises to the top of web development and coding leaderboards, establishing itself as a leading open model for developers.",False,AI Timeline _data/timeline.yml
AIT-2026-01-002-E01,AIT-2026-01-002,2026,January 2026,1,220,1,Claude Cowork,model,model-family or model-context clue,Anthropic,language,"Anthropic launches Claude Cowork , a research preview for delegating knowledge-work tasks across documents, spreadsheets, and presentations.",True,AI Timeline _data/timeline.yml
AIT-2026-01-003-E01,AIT-2026-01-003,2026,January 2026,1,221,1,Kimi K2.5,model,model-family or model-context clue,,language,"Moonshot AI releases Kimi K2.5 , an upgraded model focused on stronger reasoning, coding, and agentic workflows.",False,AI Timeline _data/timeline.yml
AIT-2026-01-004-E01,AIT-2026-01-004,2026,January 2026,1,222,1,Imagine Video,model,model-family or model-context clue,xAI,text-to-video,"xAI launches Imagine Video , a video generation model in Grok that quickly rises to the top of public leaderboards.",False,AI Timeline _data/timeline.yml
AIT-2026-02-001-E01,AIT-2026-02-001,2026,February 2026,2,224,1,Claude Opus 4.6,model,model-family or model-context clue,Anthropic,language,"Anthropic releases Claude Opus 4.6 and Claude Sonnet 4.6 , adding a 1M-token context window in beta and making the updated Sonnet model the default across Claude and Cowork.",True,AI Timeline _data/timeline.yml
AIT-2026-02-001-E02,AIT-2026-02-001,2026,February 2026,2,224,2,Claude Sonnet 4.6,model,model-family or model-context clue,Anthropic,language,"Anthropic releases Claude Opus 4.6 and Claude Sonnet 4.6 , adding a 1M-token context window in beta and making the updated Sonnet model the default across Claude and Cowork.",True,AI Timeline _data/timeline.yml
AIT-2026-02-002-E01,AIT-2026-02-002,2026,February 2026,2,225,1,GPT-5.3-Codex,model,model-family or model-context clue,OpenAI,language,"OpenAI introduces GPT-5.3-Codex and GPT-5.3-Codex-Spark , upgraded coding models for long-running and real-time development work.",False,AI Timeline _data/timeline.yml
AIT-2026-02-002-E02,AIT-2026-02-002,2026,February 2026,2,225,2,GPT-5.3-Codex-Spark,model,model-family or model-context clue,OpenAI,language,"OpenAI introduces GPT-5.3-Codex and GPT-5.3-Codex-Spark , upgraded coding models for long-running and real-time development work.",False,AI Timeline _data/timeline.yml
AIT-2026-02-003-E01,AIT-2026-02-003,2026,February 2026,2,226,1,Gemini 3 Deep Think,model,model-family or model-context clue,Google,language,"Google launches Gemini 3 Deep Think , a specialized reasoning mode that reaches 84.6% on ARC-AGI-2 .",True,AI Timeline _data/timeline.yml
AIT-2026-02-004-E01,AIT-2026-02-004,2026,February 2026,2,227,1,Seedance 2.0,model,model-family or model-context clue,,text-to-video,"ByteDance releases Seedance 2.0 , an upgraded video generation model with stronger motion quality and multimodal control.",False,AI Timeline _data/timeline.yml
AIT-2026-02-005-E01,AIT-2026-02-005,2026,February 2026,2,228,1,GLM-5,model,model-family or model-context clue,,language,"Zhipu AI launches GLM-5 , a new flagship model built for stronger reasoning, tool use, and agentic tasks.",False,AI Timeline _data/timeline.yml
AIT-2026-02-006-E01,AIT-2026-02-006,2026,February 2026,2,229,1,Grok 4.20,model,model-family or model-context clue,xAI,language,"xAI releases Grok 4.20 , an updated flagship model with improved reasoning and chat performance.",False,AI Timeline _data/timeline.yml
AIT-2026-02-007-E01,AIT-2026-02-007,2026,February 2026,2,230,1,gpt-audio-1.5,model,model-family or model-context clue,OpenAI,text-to-speech,"OpenAI adds gpt-audio-1.5 , an upgraded speech model for audio input and spoken responses.",False,AI Timeline _data/timeline.yml
AIT-2026-02-008-E01,AIT-2026-02-008,2026,February 2026,2,231,1,Nano Banana 2,model,model-family or model-context clue,Google,language,"Google launches Nano Banana 2 , a Gemini 3.1 Flash-based image model that matches Nano Banana Pro quality at lower latency.",False,AI Timeline _data/timeline.yml
AIT-2026-03-001-E01,AIT-2026-03-001,2026,March 2026,3,232,1,GPT-5.3 Instant,model,model-family or model-context clue,OpenAI,language,"OpenAI releases GPT-5.3 Instant , a faster general-purpose GPT-5.3 variant for latency-sensitive tasks.",False,AI Timeline _data/timeline.yml
AIT-2026-03-002-E01,AIT-2026-03-002,2026,March 2026,3,233,1,GPT-5.4,model,model-family or model-context clue,OpenAI,language,"OpenAI launches GPT-5.4 alongside GPT-5.4 mini and GPT-5.4 nano , expanding the GPT-5.4 family across flagship and lightweight tiers.",False,AI Timeline _data/timeline.yml
AIT-2026-03-002-E02,AIT-2026-03-002,2026,March 2026,3,233,2,GPT-5.4 mini,model,model-family or model-context clue,OpenAI,language,"OpenAI launches GPT-5.4 alongside GPT-5.4 mini and GPT-5.4 nano , expanding the GPT-5.4 family across flagship and lightweight tiers.",False,AI Timeline _data/timeline.yml
AIT-2026-03-002-E03,AIT-2026-03-002,2026,March 2026,3,233,3,GPT-5.4 nano,model,model-family or model-context clue,OpenAI,language,"OpenAI launches GPT-5.4 alongside GPT-5.4 mini and GPT-5.4 nano , expanding the GPT-5.4 family across flagship and lightweight tiers.",False,AI Timeline _data/timeline.yml
AIT-2026-03-003-E01,AIT-2026-03-003,2026,March 2026,3,234,1,Mistral Small 4,model,model-family or model-context clue,Mistral,language,"Mistral AI releases Mistral Small 4 , a multimodal open model that unifies reasoning, coding, and vision capabilities.",False,AI Timeline _data/timeline.yml
AIT-2026-03-004-E01,AIT-2026-03-004,2026,March 2026,3,235,1,Suno v5.5,model,model-family or model-context clue,Suno,text-to-speech,"Suno launches Suno v5.5 , adding Voices, Custom Models, and My Taste for more personalized music creation.",False,AI Timeline _data/timeline.yml
